alpha,target_ret,port_ret_ann,cvar_ann,sharpe_est,ADANIENT.NS,ADANIPORTS.NS,APOLLOHOSP.NS,ASIANPAINT.NS,AXISBANK.NS,BAJAJ-AUTO.NS,BAJAJFINSV.NS,BAJFINANCE.NS,BEL.NS,BHARTIARTL.NS,BPCL.NS,BRITANNIA.NS,CIPLA.NS,COALINDIA.NS,CPSEETF.NS,DIVISLAB.NS,DRREDDY.NS,EICHERMOT.NS,GOLDBEES.NS,GRASIM.NS,HCLTECH.NS,HDFCBANK.NS,HDFCLIFE.NS,HEROMOTOCO.NS,HINDALCO.NS,HINDUNILVR.NS,ICICIBANK.NS,INDUSINDBK.NS,INFY.NS,ITC.NS,JSWSTEEL.NS,KOTAKBANK.NS,LIQUIDBEES.NS,LT.NS,M&M.NS,MARUTI.NS,NESTLEIND.NS,NTPC.NS,ONGC.NS,POWERGRID.NS,RELIANCE.NS,SBILIFE.NS,SBIN.NS,SHRIRAMFIN.NS,SUNPHARMA.NS,TATASTEEL.NS,TCS.NS,TECHM.NS,TITAN.NS,TRENT.NS,ULTRACEMCO.NS,WIPRO.NS
0.01,2.732334768826084e-05,0.03394426385396503,0.0003093739522817567,0.03627412134040684,0.0,0.0,0.0,0.0,0.0,0.0,0.0,1e-06,0.0,0.0,2e-06,0.0,0.0,3e-06,0.0,0.0,0.0,0.0,0.0,0.0,0.0,0.0,0.0,0.0,0.0,0.0,0.0,0.0,0.0,0.0,0.0,0.0,0.999981,0.0,0.0,0.0,0.0,0.0,0.0,0.0,2e-06,0.0,0.0,0.0,1.1e-05,0.0,1e-06,0.0,0.0,0.0,0.0,0.0
0.01,0.0010376858894304219,0.26149684413749497,0.02733436452030221,0.2794453959934364,0.0,0.0,0.0,0.0,0.0,0.0,0.0,0.0,0.0,0.0,0.0,0.0,0.0,0.0,0.0,0.0,0.0,0.0,0.019463,0.0,0.000108,0.0,0.0,0.0,0.0,0.0,0.0,0.0,0.0,0.0,0.0,0.0,0.976337,0.0,0.0,0.0,0.0,0.0,0.0,0.004093,0.0,0.0,0.0,0.0,0.0,0.0,0.0,0.0,0.0,0.0,0.0,0.0
0.01,0.0020480484311725827,0.5161082046880274,0.05789274770252158,0.5515327043819862,0.0,0.0,0.0,0.0,0.0,0.0,0.0,0.0,0.0,0.0,0.0,0.0,0.0,0.0,0.0,0.0,0.0,0.0,0.041235,0.0,0.000521,0.0,0.0,0.0,0.0,0.0,0.0,0.0,0.0,0.0,0.0,0.0,0.949577,0.0,0.0,0.0,0.0,0.0,0.0,0.008667,0.0,0.0,0.0,0.0,0.0,0.0,0.0,0.0,0.0,0.0,0.0,0.0
0.01,0.0030584109729147437,0.7707195651761789,0.08845118331363114,0.8236200127038734,0.0,0.0,0.0,0.0,0.0,0.0,0.0,0.0,0.0,0.0,0.0,0.0,0.0,0.0,0.0,0.0,0.0,0.0,0.063008,0.0,0.000941,0.0,0.0,0.0,0.0,0.0,0.0,0.0,0.0,0.0,0.0,0.0,0.922807,0.0,0.0,0.0,0.0,0.0,0.0,0.013244,0.0,0.0,0.0,0.0,0.0,0.0,0.0,0.0,0.0,0.0,0.0,0.0
0.01,0.004068773514656905,1.0253309256962606,0.11900960751166291,1.0957073210598824,0.0,0.0,0.0,0.0,0.0,0.0,0.0,0.0,0.0,0.0,0.0,0.0,0.0,0.0,0.0,0.0,0.0,0.0,0.08478,0.0,0.001361,0.0,0.0,0.0,0.0,0.0,0.0,0.0,0.0,0.0,0.0,0.0,0.896037,0.0,0.0,0.0,0.0,0.0,0.0,0.017821,0.0,0.0,0.0,0.0,0.0,0.0,0.0,0.0,0.0,0.0,0.0,0.0
0.01,0.005079136056399066,1.2799422862134047,0.14956803271868213,1.367794629412752,0.0,0.0,0.0,0.0,0.0,0.0,0.0,0.0,0.0,0.0,0.0,0.0,0.0,0.0,0.0,0.0,0.0,0.0,0.106553,0.0,0.001782,0.0,0.0,0.0,0.0,0.0,0.0,0.0,0.0,0.0,0.0,0.0,0.869268,0.0,0.0,0.0,0.0,0.0,0.0,0.022398,0.0,0.0,0.0,0.0,0.0,0.0,0.0,0.0,0.0,0.0,0.0,0.0
0.01,0.006089498598141227,1.5345536467995329,0.1801264343131756,1.639881937839341,0.0,0.0,0.0,0.0,0.0,0.0,0.0,0.0,0.0,0.0,0.0,0.0,0.0,0.0,0.0,0.0,0.0,0.0,0.128326,0.0,0.002202,0.0,0.0,0.0,0.0,0.0,0.0,0.0,0.0,0.0,0.0,0.0,0.842498,0.0,0.0,0.0,0.0,0.0,0.0,0.026975,0.0,0.0,0.0,0.0,0.0,0.0,0.0,0.0,0.0,0.0,0.0,0.0
0.01,0.007099861139883389,1.7891650072542524,0.21068488088675819,1.9119692461255016,0.0,0.0,0.0,0.0,0.0,0.0,0.0,0.0,0.0,0.0,0.0,0.0,0.0,0.0,0.0,0.0,0.0,0.0,0.150098,0.0,0.002622,0.0,0.0,0.0,0.0,0.0,0.0,0.0,0.0,0.0,0.0,0.0,0.815728,0.0,0.0,0.0,0.0,0.0,0.0,0.031552,0.0,0.0,0.0,0.0,0.0,0.0,0.0,0.0,0.0,0.0,0.0,0.0
0.01,0.00811022368162555,2.0437763677879794,0.24124330040629136,2.1840565544960926,0.0,0.0,0.0,0.0,0.0,0.0,0.0,0.0,0.0,0.0,0.0,0.0,0.0,0.0,0.0,0.0,0.0,0.0,0.171871,0.0,0.003042,0.0,0.0,0.0,0.0,0.0,0.0,0.0,0.0,0.0,0.0,0.0,0.788958,0.0,0.0,0.0,0.0,0.0,0.0,0.036129,0.0,0.0,0.0,0.0,0.0,0.0,0.0,0.0,0.0,0.0,0.0,0.0
0.01,0.00912058622336771,2.2983877282927145,0.27180237547924657,2.4561438628357015,0.0,0.0,0.0,0.0,0.0,0.0,0.0,0.0,0.0,0.0,0.0,0.0,0.0,0.0,0.0,0.0,0.0,0.0,0.19364,0.0,0.003609,0.0,0.0,0.0,0.0,0.0,0.0,0.0,0.0,0.0,0.0,0.0,0.761971,0.0,0.0,0.0,0.0,0.0,0.0,0.04078,0.0,0.0,0.0,0.0,0.0,0.0,0.0,0.0,0.0,0.0,0.0,0.0
0.01,0.01013094876510987,2.5529990888773755,0.30245242868679995,2.7282311712607226,0.0,0.0,0.0,0.0,0.0,0.0,0.0,0.0,0.0,0.0,0.0,0.0,0.0,0.0,0.0,0.0,0.0,0.0,0.21544,0.0,0.0,0.0,0.0,0.0,0.0,0.0,0.0,0.0,0.0,0.0,0.0,0.0,0.737211,0.0,0.0,0.0,0.0,0.0,0.0,0.045572,0.0,0.0,0.001776,0.0,0.0,0.0,0.0,0.0,0.0,0.0,0.0,0.0
0.01,0.011141311306852033,2.8076104494043883,0.3331286621307959,3.0003184796241382,0.0,0.0,0.0,0.0,0.0,0.0,0.0,0.0,0.0,0.0,0.0,0.0,0.0,0.0,0.0,0.0,0.0,0.0,0.237221,0.0,0.000238,0.0,0.0,0.0,0.0,0.0,0.0,-0.0,0.0,0.0,0.0,0.0,0.711025,0.0,0.0,0.0,0.0,0.0,0.0,0.044867,0.0,0.0,0.006649,0.0,0.0,0.0,0.0,0.0,0.0,0.0,0.0,0.0
0.01,0.012151673848594193,3.0622218098688925,0.36381401347593617,3.272405787920755,0.0,0.0,0.0,0.0,0.0,0.0,0.0,0.0,0.0,0.0,0.0,0.0,0.0,0.0,0.0,0.0,0.0,0.0,0.258978,0.0,0.003901,0.0,0.0,0.0,0.0,0.0,0.0,0.0,0.0,0.0,0.0,0.0,0.683048,0.0,0.0,0.0,0.0,0.0,0.0,0.042446,0.0,0.0,0.011628,0.0,0.0,0.0,0.0,0.0,0.0,0.0,0.0,0.0
0.01,0.013162036390336354,3.3168331704789096,0.39450242861251783,3.5444930963728725,0.0,0.0,0.0,0.0,0.0,0.0,0.0,0.0,0.0,0.0,0.0,0.0,0.0,0.0,0.0,0.0,0.0,0.0,0.280752,0.0,0.004212,0.0,0.0,0.0,0.0,0.0,0.0,-0.0,0.0,0.0,0.0,0.0,0.656413,0.0,0.0,0.0,0.0,0.0,0.0,0.04602,0.0,0.0,0.012604,0.0,0.0,0.0,0.0,0.0,0.0,0.0,0.0,0.0
0.01,0.014172398932078516,3.571444530889398,0.42519090959504147,3.816580404611766,0.0,0.0,0.0,0.0,0.0,0.0,0.0,0.0,0.0,0.0,0.0,0.0,0.0,0.0,0.0,0.0,0.0,0.0,0.302527,0.0,0.004523,0.0,0.0,0.0,0.0,0.0,0.0,-0.0,0.0,0.0,0.0,0.0,0.629778,0.0,0.0,0.0,0.0,0.0,0.0,0.049593,0.0,0.0,0.01358,0.0,0.0,0.0,0.0,0.0,0.0,0.0,0.0,0.0
0.01,0.015182761473820677,3.8260558914202107,0.45587935105972327,4.088667712979243,0.0,0.0,0.0,0.0,0.0,0.0,0.0,0.0,0.0,0.0,0.0,0.0,0.0,0.0,0.0,0.0,0.0,0.0,0.324301,0.0,0.004834,0.0,0.0,0.0,0.0,0.0,0.0,-0.0,0.0,0.0,0.0,0.0,0.603144,0.0,0.0,0.0,0.0,0.0,0.0,0.053166,0.0,0.0,0.014556,0.0,0.0,0.0,0.0,0.0,0.0,0.0,0.0,0.0
0.01,0.016193124015562835,4.080667251923355,0.4865678015207385,4.360755021317152,0.0,0.0,0.0,0.0,0.0,0.0,0.0,0.0,0.0,0.0,0.0,0.0,0.0,0.0,0.0,0.0,0.0,0.0,0.346076,0.0,0.005145,0.0,0.0,0.0,0.0,0.0,0.0,-0.0,0.0,0.0,0.0,0.0,0.576509,0.0,0.0,0.0,0.0,0.0,0.0,0.056739,0.0,0.0,0.015532,0.0,0.0,0.0,0.0,0.0,0.0,0.0,0.0,0.0
0.01,0.017203486557304998,4.335278612443415,0.5172562464746148,4.632842329673137,0.0,0.0,0.0,0.0,0.0,0.0,0.0,0.0,0.0,0.0,0.0,0.0,0.0,0.0,0.0,0.0,0.0,0.0,0.36785,0.0,0.005456,0.0,0.0,0.0,0.0,0.0,0.0,-0.0,0.0,0.0,0.0,0.0,0.549874,0.0,0.0,0.0,0.0,0.0,0.0,0.060312,0.0,0.0,0.016508,0.0,0.0,0.0,0.0,0.0,0.0,0.0,0.0,0.0
0.01,0.018213849099047157,4.589889972965893,0.5479446906705437,4.904929638031708,0.0,0.0,0.0,0.0,0.0,0.0,0.0,0.0,0.0,0.0,0.0,0.0,0.0,0.0,0.0,0.0,0.0,0.0,0.389625,0.0,0.005767,0.0,0.0,0.0,0.0,0.0,0.0,-0.0,0.0,0.0,0.0,0.0,0.523239,0.0,0.0,0.0,0.0,0.0,0.0,0.063885,0.0,0.0,0.017484,0.0,0.0,0.0,0.0,0.0,0.0,0.0,0.0,0.0
0.01,0.01922421164078932,4.844501333598589,0.5786331001549545,5.17701694650806,0.0,0.0,0.0,0.0,0.0,0.0,0.0,0.0,0.0,0.0,0.0,0.0,0.0,0.0,0.0,0.0,0.0,0.0,0.411399,0.0,0.006077,0.0,0.0,0.0,0.0,0.0,0.0,-0.0,0.0,0.0,0.0,0.0,0.496605,0.0,0.0,0.0,0.0,0.0,0.0,0.06746,0.0,0.0,0.018459,0.0,0.0,0.0,0.0,0.0,0.0,0.0,0.0,0.0
0.01,0.020234574182531478,5.099112694000867,0.6093215823002104,5.44910425473818,0.0,0.0,0.0,0.0,0.0,0.0,0.0,0.0,0.0,0.0,0.0,0.0,0.0,0.0,0.0,0.0,0.0,0.0,0.433174,0.0,0.006389,0.0,0.0,0.0,0.0,0.0,0.0,-0.0,0.0,0.0,0.0,0.0,0.46997,0.0,0.0,0.0,0.0,0.0,0.0,0.071032,0.0,0.0,0.019436,0.0,0.0,0.0,0.0,0.0,0.0,0.0,0.0,0.0
0.01,0.02124493672427364,5.3537240546629175,0.6400099832373078,5.721191563245902,0.0,0.0,0.0,0.0,0.0,0.0,0.0,0.0,0.0,0.0,0.0,0.0,0.0,0.0,0.0,0.0,0.0,0.0,0.454948,0.0,0.006698,0.0,0.0,0.0,0.0,0.0,0.0,-0.0,0.0,0.0,0.0,0.0,0.443336,0.0,0.0,0.0,0.0,0.0,0.0,0.074608,0.0,0.0,0.02041,0.0,0.0,0.0,0.0,0.0,0.0,0.0,0.0,0.0
0.01,0.022255299266015802,5.608335415039696,0.6706984726600033,5.993278871448772,0.0,0.0,0.0,0.0,0.0,0.0,0.0,0.0,0.0,0.0,0.0,0.0,0.0,0.0,0.0,0.0,0.0,0.0,0.476722,0.0,0.007011,0.0,0.0,0.0,0.0,0.0,0.0,-0.0,0.0,0.0,0.0,0.0,0.416701,0.0,0.0,0.0,0.0,0.0,0.0,0.078178,0.0,0.0,0.021388,0.0,0.0,0.0,0.0,0.0,0.0,0.0,0.0,0.0
0.01,0.02326566180775796,5.862946775562269,0.701386916796123,6.265366179807443,0.0,0.0,0.0,0.0,0.0,0.0,0.0,0.0,0.0,0.0,0.0,0.0,0.0,0.0,0.0,0.0,0.0,0.0,0.498497,0.0,0.007322,0.0,0.0,0.0,0.0,0.0,0.0,-0.0,0.0,0.0,0.0,0.0,0.390066,0.0,0.0,0.0,0.0,0.0,0.0,0.081751,0.0,0.0,0.022364,0.0,0.0,0.0,0.0,0.0,0.0,0.0,0.0,0.0
0.01,0.024276024349500124,6.117558136136427,0.7320753451889762,6.5374534882212405,0.0,0.0,0.0,0.0,0.0,0.0,0.0,0.0,0.0,0.0,0.0,0.0,0.0,0.0,0.0,0.0,0.0,0.0,0.520271,0.0,0.007633,0.0,0.0,0.0,0.0,0.0,0.0,0.0,0.0,0.0,0.0,0.0,0.363431,0.0,0.0,0.0,0.0,0.0,0.0,0.085324,0.0,0.0,0.02334,0.0,0.0,0.0,0.0,0.0,0.0,0.0,0.0,0.0
0.01,0.025286386891242286,6.372169496611553,0.7627638039496955,6.809540796529208,0.0,0.0,0.0,0.0,0.0,0.0,0.0,0.0,0.0,0.0,0.0,0.0,0.0,0.0,0.0,0.0,0.0,0.0,0.542046,0.0,0.007944,0.0,0.0,0.0,0.0,0.0,0.0,-0.0,0.0,0.0,0.0,0.0,0.336797,0.0,0.0,0.0,0.0,0.0,0.0,0.088897,0.0,0.0,0.024316,0.0,0.0,0.0,0.0,0.0,0.0,0.0,0.0,0.0
0.01,0.026296749432984445,6.626780857122011,0.7934522518786965,7.081628104874932,0.0,0.0,0.0,0.0,0.0,0.0,0.0,0.0,0.0,0.0,0.0,0.0,0.0,0.0,0.0,0.0,0.0,0.0,0.56382,0.0,0.008255,0.0,0.0,0.0,0.0,0.0,0.0,-0.0,0.0,0.0,0.0,0.0,0.310162,0.0,0.0,0.0,0.0,0.0,0.0,0.09247,0.0,0.0,0.025292,0.0,0.0,0.0,0.0,0.0,0.0,0.0,0.0,0.0
0.01,0.027307111974726607,6.881392217633421,0.8241406995909126,7.353715413221674,0.0,0.0,0.0,0.0,0.0,0.0,0.0,0.0,0.0,0.0,0.0,0.0,0.0,0.0,0.0,0.0,0.0,0.0,0.585595,0.0,0.008566,0.0,0.0,0.0,0.0,0.0,0.0,-0.0,0.0,0.0,0.0,0.0,0.283527,0.0,0.0,0.0,0.0,0.0,0.0,0.096044,0.0,0.0,0.026268,0.0,0.0,0.0,0.0,0.0,0.0,0.0,0.0,0.0
0.01,0.02831747451646877,7.136003578164826,0.8548291409822941,7.625802721589784,0.0,0.0,0.0,0.0,0.0,0.0,0.0,0.0,0.0,0.0,0.0,0.0,0.0,0.0,0.0,0.0,0.0,0.0,0.607369,0.0,0.008877,0.0,0.0,0.0,0.0,0.0,0.0,-0.0,0.0,0.0,0.0,0.0,0.256893,0.0,0.0,0.0,0.0,0.0,0.0,0.099617,0.0,0.0,0.027244,0.0,0.0,0.0,0.0,0.0,0.0,0.0,0.0,0.0
0.01,0.029327837058210928,7.390614938671751,0.8855175900994406,7.897890029931734,0.0,0.0,0.0,0.0,0.0,0.0,0.0,0.0,0.0,0.0,0.0,0.0,0.0,0.0,0.0,0.0,0.0,0.0,0.629144,0.0,0.009188,0.0,0.0,0.0,0.0,0.0,0.0,-0.0,0.0,0.0,0.0,0.0,0.230258,0.0,0.0,0.0,0.0,0.0,0.0,0.10319,0.0,0.0,0.02822,0.0,0.0,0.0,0.0,0.0,0.0,0.0,0.0,0.0
0.01,0.03033819959995309,7.645226299192027,0.9162060350121776,8.16997733828795,0.0,0.0,0.0,0.0,0.0,0.0,0.0,0.0,0.0,0.0,0.0,0.0,0.0,0.0,0.0,0.0,0.0,0.0,0.650918,0.0,0.009499,0.0,0.0,0.0,0.0,0.0,0.0,-0.0,0.0,0.0,0.0,0.0,0.203623,0.0,0.0,0.0,0.0,0.0,0.0,0.106763,0.0,0.0,0.029196,0.0,0.0,0.0,0.0,0.0,0.0,0.0,0.0,0.0
0.01,0.031348562141695256,7.899837659717836,0.9468944782512236,8.44206464665008,0.0,0.0,0.0,0.0,0.0,0.0,0.0,0.0,0.0,0.0,0.0,0.0,0.0,0.0,0.0,0.0,0.0,0.0,0.672693,0.0,0.00981,0.0,0.0,0.0,0.0,0.0,0.0,0.0,0.0,0.0,0.0,0.0,0.176989,0.0,0.0,0.0,0.0,0.0,0.0,0.110336,0.0,0.0,0.030173,0.0,0.0,0.0,0.0,0.0,0.0,0.0,0.0,0.0
0.01,0.032358924683437415,8.154449020303343,0.9775829030615802,8.714151955076003,0.0,0.0,0.0,0.0,0.0,0.0,0.0,0.0,0.0,0.0,0.0,0.0,0.0,0.0,0.0,0.0,0.0,0.0,0.694467,0.0,0.010121,0.0,0.0,0.0,0.0,0.0,0.0,-0.0,0.0,0.0,0.0,0.0,0.150354,0.0,0.0,0.0,0.0,0.0,0.0,0.113909,0.0,0.0,0.031149,0.0,0.0,0.0,0.0,0.0,0.0,0.0,0.0,0.0
0.01,0.033369287225179574,8.40906038078032,1.00827136115959,8.986239263385949,0.0,0.0,0.0,0.0,0.0,0.0,0.0,0.0,0.0,0.0,0.0,0.0,0.0,0.0,0.0,0.0,0.0,0.0,0.716242,0.0,0.010432,0.0,0.0,0.0,0.0,0.0,0.0,-0.0,0.0,0.0,0.0,0.0,0.123719,0.0,0.0,0.0,0.0,0.0,0.0,0.117483,0.0,0.0,0.032124,0.0,0.0,0.0,0.0,0.0,0.0,0.0,0.0,0.0
0.01,0.03437964976692174,8.66367174127107,1.0389598152943496,9.258326571710615,0.0,0.0,0.0,0.0,0.0,0.0,0.0,0.0,0.0,0.0,0.0,0.0,0.0,0.0,0.0,0.0,0.0,0.0,0.738016,0.0,0.010743,0.0,0.0,0.0,0.0,0.0,0.0,-0.0,0.0,0.0,0.0,0.0,0.097085,0.0,0.0,0.0,0.0,0.0,0.0,0.121056,0.0,0.0,0.033101,0.0,0.0,0.0,0.0,0.0,0.0,0.0,0.0,0.0
0.01,0.0353900123086639,8.918283101895604,1.069648230240468,9.530413880178244,0.0,0.0,0.0,0.0,0.0,0.0,0.0,0.0,0.0,0.0,0.0,0.0,0.0,0.0,0.0,0.0,0.0,0.0,0.759791,0.0,0.011054,0.0,0.0,0.0,0.0,0.0,0.0,0.0,0.0,0.0,0.0,0.0,0.07045,0.0,0.0,0.0,0.0,0.0,0.0,0.124629,0.0,0.0,0.034077,0.0,0.0,0.0,0.0,0.0,0.0,0.0,0.0,0.0
0.01,0.03640037485040606,9.172894462306045,1.1003367068578727,9.802501188417088,0.0,0.0,0.0,0.0,0.0,0.0,0.0,0.0,0.0,0.0,0.0,0.0,0.0,0.0,0.0,0.0,0.0,0.0,0.781565,0.0,0.011365,0.0,0.0,0.0,0.0,0.0,0.0,-0.0,0.0,0.0,0.0,0.0,0.043815,0.0,0.0,0.0,0.0,0.0,0.0,0.128202,0.0,0.0,0.035053,0.0,0.0,0.0,0.0,0.0,0.0,0.0,0.0,0.0
0.01,0.03741073739214822,9.427505822826555,1.1310251517082721,10.074588496773554,0.0,0.0,0.0,0.0,0.0,0.0,0.0,0.0,0.0,0.0,0.0,0.0,0.0,0.0,0.0,0.0,0.0,0.0,0.80334,0.0,0.011676,0.0,0.0,0.0,0.0,0.0,0.0,-0.0,0.0,0.0,0.0,0.0,0.017181,0.0,0.0,0.0,0.0,0.0,0.0,0.131775,0.0,0.0,0.036029,0.0,0.0,0.0,0.0,0.0,0.0,0.0,0.0,0.0
0.01,0.03842109993389038,9.682117183380058,1.1618958190580653,10.346675805165278,0.0,0.0,0.0,0.0,0.0,0.0,0.0,0.0,0.0,0.0,0.0,0.0,0.0,0.0,0.0,0.0,0.0,0.0,0.825245,0.0,0.0,0.0,0.0,0.0,0.0,0.0,0.0,0.0,0.0,0.0,0.0,0.0,0.0,0.0,0.0,0.0,0.0,0.0,0.0,0.158088,0.0,0.0,0.016667,0.0,0.0,0.0,0.0,0.0,0.0,0.0,0.0,0.0
0.01,0.03943146247563254,9.936728543937908,1.1936580445166611,10.618763113561648,0.0,0.0,0.0,0.0,0.0,0.0,0.0,0.0,0.0,0.0,0.0,0.0,0.0,0.0,0.0,0.0,0.0,0.0,0.847402,0.0,0.0,0.0,0.0,0.0,0.0,0.0,0.0,-0.0,0.0,0.0,0.0,0.0,0.0,0.0,0.0,0.0,0.0,0.0,0.0,0.152598,0.0,0.0,0.0,0.0,0.0,0.0,0.0,0.0,0.0,0.0,0.0,0.0
0.05,2.732334768826084e-05,0.033945663417231056,0.00019210176779322168,0.03627561696652953,0.0,0.0,-0.0,0.0,0.0,0.0,0.0,0.0,0.0,0.0,0.0,0.0,0.0,2e-06,0.0,0.0,0.0,0.0,0.0,0.0,0.0,0.0,0.0,0.0,0.0,0.0,0.0,0.0,0.0,0.0,0.0,0.0,0.999994,0.0,1e-06,1e-06,1e-06,0.0,0.0,0.0,0.0,0.0,0.0,0.0,1e-06,0.0,0.0,0.0,1e-06,0.0,0.0,0.0
0.05,0.0010376858894304219,0.2614968441365849,0.009661473156101896,0.2794453959924639,0.000285,0.0,0.0,0.0,0.0,0.0,0.0,0.0,0.000265,0.0,0.0,0.0,0.0,0.0,0.0,0.0,0.0,0.000668,0.019492,0.0,0.0,0.0,0.0,0.0,-0.0,0.0,0.0,0.0,0.0,0.0,0.0,0.0,0.97886,0.0,0.000255,0.0,0.0,0.0,-0.0,0.000164,0.0,0.0,1e-05,0.0,0.0,0.0,0.0,0.0,0.0,0.0,0.0,0.0
0.05,0.0020480484311725827,0.5161082046565094,0.020464008221436274,0.5515327043483049,0.00067,0.0,0.0,0.0,0.0,0.0,0.0,0.0,0.000542,0.0,0.0,0.0,0.0,0.0,0.0,0.0,0.0,0.001687,0.041296,0.0,0.0,0.0,0.0,0.0,-0.0,0.0,0.0,0.0,0.0,0.0,0.0,0.0,0.954843,0.0,0.000539,0.0,0.0,0.0,-0.0,0.0001,0.0,0.0,0.000324,0.0,0.0,0.0,0.0,0.0,0.0,0.0,0.0,0.0
0.05,0.0030584109729147437,0.7707195651747201,0.03127215552205948,0.8236200127023144,0.000676,0.0,0.0,0.0,0.0,0.0,0.0,0.0,0.000638,0.0,0.0,0.0,0.0,0.0,0.0,0.0,0.0,0.001632,0.063104,0.0,0.0,0.0,0.0,0.000523,-0.0,0.0,0.0,0.0,0.0,0.0,0.0,0.0,0.930519,0.0,0.001873,0.0,0.0,0.0,0.0,0.000517,0.0,0.0,0.000519,0.0,0.0,0.0,0.0,0.0,0.0,0.0,0.0,0.0
0.05,0.004068773514656905,1.0253309256948946,0.0421614909916406,1.0957073210584227,0.000879,0.0,0.0,0.0,0.0,0.0,0.0,0.0,0.00084,0.0,0.0,0.0,0.0,0.0,0.0,0.0,0.0,0.002221,0.084911,0.0,0.0,0.0,0.0,0.000571,-0.0,0.0,0.0,-0.0,0.0,0.0,0.0,0.0,0.906562,0.0,0.002502,0.0,0.0,0.0,0.0,0.000806,0.0,0.0,0.000708,0.0,0.0,0.0,0.0,0.0,0.0,0.0,0.0,0.0
0.05,0.005079136056399066,1.2799422862185086,0.05305103212231157,1.3677946294182064,0.001101,0.0,0.0,0.0,0.0,0.0,0.0,0.0,0.00107,0.0,0.0,0.0,0.0,0.0,0.0,0.0,0.0,0.002825,0.106719,0.0,0.0,0.0,0.0,0.000604,-0.0,0.0,0.0,-0.0,0.0,0.0,0.0,0.0,0.882649,0.0,0.003063,0.0,0.0,0.0,0.0,0.001068,0.0,0.0,0.0009,0.0,0.0,0.0,0.0,0.0,0.0,0.0,0.0,0.0
0.05,0.006089498598141227,1.5345536467355216,0.06394057408221944,1.6398819377709362,0.001322,0.0,0.0,0.0,0.0,0.0,0.0,0.0,0.001301,0.0,0.0,0.0,0.0,0.0,0.0,0.0,0.0,0.00343,0.128527,0.0,0.0,0.0,0.0,0.000636,-0.0,0.0,0.0,-0.0,0.0,0.0,0.0,0.0,0.858736,0.0,0.003624,0.0,0.0,0.0,0.0,0.00133,0.0,0.0,0.001093,0.0,0.0,0.0,0.0,0.0,0.0,0.0,0.0,0.0
0.05,0.007099861139883389,1.7891650072517205,0.07483011611226183,1.9119692461227957,0.001544,0.0,0.0,0.0,0.0,0.0,0.0,0.0,0.001531,0.0,0.0,0.0,0.0,0.0,0.0,0.0,0.0,0.004034,0.150335,0.0,0.0,0.0,0.0,0.000669,-0.0,0.0,0.0,-0.0,0.0,0.0,0.0,0.0,0.834824,0.0,0.004185,0.0,0.0,0.0,0.0,0.001592,0.0,0.0,0.001286,0.0,0.0,0.0,0.0,0.0,0.0,0.0,0.0,0.0
0.05,0.00811022368162555,2.0437763677819323,0.08571965658965991,2.18405655448963,0.001766,0.0,0.0,0.0,0.0,0.0,0.0,0.0,0.001761,0.0,0.0,0.0,0.0,0.0,0.0,0.0,0.0,0.004639,0.172143,0.0,0.0,0.0,0.0,0.000702,-0.0,0.0,0.0,-0.0,0.0,0.0,0.0,0.0,0.810911,0.0,0.004746,0.0,0.0,0.0,0.0,0.001854,0.0,0.0,0.001478,0.0,0.0,0.0,0.0,0.0,0.0,0.0,0.0,0.0
0.05,0.00912058622336771,2.298387728309654,0.09660919739324939,2.4561438628538035,0.001988,0.0,0.0,0.0,0.0,0.0,0.0,0.0,0.001992,0.0,0.0,0.0,0.0,0.0,0.0,0.0,0.0,0.005243,0.19395,0.0,0.0,0.0,0.0,0.000735,-0.0,0.0,0.0,-0.0,0.0,0.0,0.0,0.0,0.786998,0.0,0.005307,0.0,0.0,0.0,0.0,0.002116,0.0,0.0,0.001671,0.0,0.0,0.0,0.0,0.0,0.0,0.0,0.0,0.0
0.05,0.01013094876510987,2.552999088810144,0.10749874102890351,2.728231171188876,0.002209,0.0,0.0,0.0,0.0,0.0,0.0,0.0,0.002222,0.0,0.0,0.0,0.0,0.0,0.0,0.0,0.0,0.005847,0.215758,0.0,0.0,0.0,0.0,0.000768,-0.0,0.0,0.0,0.0,0.0,0.0,0.0,0.0,0.763085,0.0,0.005868,0.0,0.0,0.0,0.0,0.002378,0.0,0.0,0.001864,0.0,0.0,0.0,0.0,0.0,0.0,0.0,0.0,0.0
0.05,0.011141311306852033,2.807610449329136,0.11838828273774708,3.0003184795437208,0.002431,0.0,0.0,0.0,0.0,0.0,0.0,0.0,0.002452,0.0,0.0,0.0,0.0,0.0,0.0,0.0,0.0,0.006452,0.237566,0.0,0.0,0.0,0.0,0.000801,-0.0,0.0,0.0,0.0,0.0,0.0,0.0,0.0,0.739172,0.0,0.00643,0.0,0.0,0.0,0.0,0.00264,0.0,0.0,0.002056,0.0,0.0,0.0,0.0,0.0,0.0,0.0,0.0,0.0
0.05,0.012151673848594193,3.06222180984911,0.1292778243295491,3.272405787899615,0.002653,0.0,0.0,0.0,0.0,0.0,0.0,0.0,0.002682,0.0,0.0,0.0,0.0,0.0,0.0,0.0,0.0,0.007056,0.259374,0.0,0.0,0.0,0.0,0.000834,-0.0,0.0,0.0,0.0,0.0,0.0,0.0,0.0,0.715259,0.0,0.006991,0.0,0.0,0.0,0.0,0.002902,0.0,0.0,0.002249,0.0,0.0,0.0,0.0,0.0,0.0,0.0,0.0,0.0
0.05,0.013162036390336354,3.316833170368851,0.14016736594896897,3.5444930962552594,0.002875,0.0,0.0,0.0,0.0,0.0,0.0,0.0,0.002913,0.0,0.0,0.0,0.0,0.0,0.0,0.0,0.0,0.007661,0.281181,0.0,0.0,0.0,0.0,0.000867,-0.0,0.0,0.0,0.0,0.0,0.0,0.0,0.0,0.691346,0.0,0.007552,0.0,0.0,0.0,0.0,0.003164,0.0,0.0,0.002442,0.0,0.0,0.0,0.0,0.0,0.0,0.0,0.0,0.0
0.05,0.014172398932078516,3.5714445308863607,0.15105690778402986,3.81658040460852,0.003096,0.0,0.0,0.0,0.0,0.0,0.0,0.0,0.003143,0.0,0.0,0.0,0.0,0.0,0.0,0.0,0.0,0.008265,0.302989,0.0,0.0,0.0,0.0,0.000899,-0.0,0.0,0.0,0.0,0.0,0.0,0.0,0.0,0.667433,0.0,0.008113,0.0,0.0,0.0,0.0,0.003426,0.0,0.0,0.002634,0.0,0.0,0.0,0.0,0.0,0.0,0.0,0.0,0.0
0.05,0.015182761473820677,3.82605589140564,0.16194644945429168,4.088667712963672,0.003318,0.0,0.0,0.0,0.0,0.0,0.0,0.0,0.003373,0.0,0.0,0.0,0.0,0.0,0.0,0.0,0.0,0.008869,0.324797,0.0,0.0,0.0,0.0,0.000932,-0.0,0.0,0.0,0.0,0.0,0.0,0.0,0.0,0.64352,0.0,0.008674,0.0,0.0,0.0,0.0,0.003688,0.0,0.0,0.002827,0.0,0.0,0.0,0.0,0.0,0.0,0.0,0.0,0.0
0.05,0.016193124015562835,4.080667251923899,0.17283599121073867,4.360755021317733,0.00354,0.0,0.0,0.0,0.0,0.0,0.0,0.0,0.003604,0.0,0.0,0.0,0.0,0.0,0.0,0.0,0.0,0.009474,0.346605,0.0,0.0,0.0,0.0,0.000965,-0.0,0.0,0.0,0.0,0.0,0.0,0.0,0.0,0.619607,0.0,0.009235,0.0,0.0,0.0,0.0,0.003951,0.0,0.0,0.00302,0.0,0.0,0.0,0.0,0.0,0.0,0.0,0.0,0.0
0.05,0.017203486557304998,4.335278612443422,0.18372553285071816,4.632842329673145,0.003762,0.0,0.0,0.0,0.0,0.0,0.0,0.0,0.003834,0.0,0.0,0.0,0.0,0.0,0.0,0.0,0.0,0.010078,0.368412,0.0,0.0,0.0,0.0,0.000998,-0.0,0.0,0.0,0.0,0.0,0.0,0.0,0.0,0.595694,0.0,0.009797,0.0,0.0,0.0,0.0,0.004213,0.0,0.0,0.003213,0.0,0.0,0.0,0.0,0.0,0.0,0.0,0.0,0.0
0.05,0.018213849099047157,4.589889972963177,0.1946150744766622,4.904929638028805,0.003983,0.0,0.0,0.0,0.0,0.0,0.0,0.0,0.004064,0.0,0.0,0.0,0.0,0.0,0.0,0.0,0.0,0.010683,0.39022,0.0,0.0,0.0,0.0,0.001031,-0.0,0.0,0.0,0.0,0.0,0.0,0.0,0.0,0.571781,0.0,0.010358,0.0,0.0,0.0,0.0,0.004475,0.0,0.0,0.003405,0.0,0.0,0.0,0.0,0.0,0.0,0.0,0.0,0.0
0.05,0.01922421164078932,4.844501333480167,0.20550461634320502,5.17701694638151,0.004205,0.0,0.0,0.0,0.0,0.0,0.0,0.0,0.004295,0.0,0.0,0.0,0.0,0.0,0.0,0.0,0.0,0.011287,0.412028,0.0,0.0,0.0,0.0,0.001064,-0.0,0.0,0.0,0.0,0.0,0.0,0.0,0.0,0.547868,0.0,0.010919,0.0,0.0,0.0,0.0,0.004737,0.0,0.0,0.003598,0.0,0.0,0.0,0.0,0.0,0.0,0.0,0.0,0.0
0.05,0.020234574182531478,5.099112694037022,0.21639415455572647,5.449104254776817,0.004427,0.0,0.0,0.0,0.0,0.0,0.0,0.0,0.004525,0.0,0.0,0.0,0.0,0.0,0.0,0.0,0.0,0.011891,0.433836,0.0,0.0,0.0,0.0,0.001097,-0.0,0.0,0.0,0.0,0.0,0.0,0.0,0.0,0.523955,0.0,0.01148,0.0,0.0,0.0,0.0,0.004999,0.0,0.0,0.003791,0.0,0.0,0.0,0.0,0.0,0.0,0.0,0.0,0.0
0.05,0.02124493672427364,5.35372405452011,0.22728369955779718,5.721191563093292,0.004649,0.0,0.0,0.0,0.0,0.0,0.0,0.0,0.004755,0.0,0.0,0.0,0.0,0.0,0.0,0.0,0.0,0.012496,0.455644,0.0,0.0,0.0,0.0,0.00113,-0.0,0.0,0.0,0.0,0.0,0.0,0.0,0.0,0.500042,0.0,0.012041,0.0,0.0,0.0,0.0,0.005261,0.0,0.0,0.003983,0.0,0.0,0.0,0.0,0.0,0.0,0.0,0.0,0.0
0.05,0.022255299266015802,5.6083354150396385,0.23817324119977065,5.993278871448711,0.00487,0.0,0.0,0.0,0.0,0.0,0.0,0.0,0.004986,0.0,0.0,0.0,0.0,0.0,0.0,0.0,0.0,0.0131,0.477451,0.0,0.0,0.0,0.0,0.001162,-0.0,0.0,0.0,0.0,0.0,0.0,0.0,0.0,0.476129,0.0,0.012602,0.0,0.0,0.0,0.0,0.005523,0.0,0.0,0.004176,0.0,0.0,0.0,0.0,0.0,0.0,0.0,0.0,0.0
0.05,0.02326566180775796,5.862946775555658,0.24906278314653388,6.265366179800378,0.005092,0.0,0.0,0.0,0.0,0.0,0.0,0.0,0.005216,0.0,0.0,0.0,0.0,0.0,0.0,0.0,0.0,0.013705,0.499259,0.0,0.0,0.0,0.0,0.001195,-0.0,0.0,0.0,0.0,0.0,0.0,0.0,0.0,0.452216,0.0,0.013163,0.0,0.0,0.0,0.0,0.005785,0.0,0.0,0.004369,0.0,0.0,0.0,0.0,0.0,0.0,0.0,0.0,0.0
0.05,0.024276024349500124,6.117558136074813,0.2599523248213211,6.537453488155396,0.005314,0.0,0.0,0.0,0.0,0.0,0.0,0.0,0.005446,0.0,0.0,0.0,0.0,0.0,0.0,0.0,0.0,0.014309,0.521067,0.0,0.0,0.0,0.0,0.001228,-0.0,0.0,0.0,0.0,0.0,0.0,0.0,0.0,0.428303,0.0,0.013725,0.0,0.0,0.0,0.0,0.006047,0.0,0.0,0.004561,0.0,0.0,0.0,0.0,0.0,0.0,0.0,0.0,0.0
0.05,0.025286386891242286,6.372169496645251,0.27084186189326515,6.809540796565218,0.005536,0.0,0.0,0.0,0.0,0.0,0.0,0.0,0.005676,0.0,0.0,0.0,0.0,0.0,0.0,0.0,0.0,0.014913,0.542875,0.0,0.0,0.0,0.0,0.001261,-0.0,0.0,0.0,0.0,0.0,0.0,0.0,0.0,0.40439,0.0,0.014286,0.0,0.0,0.0,0.0,0.006309,0.0,0.0,0.004754,0.0,0.0,0.0,0.0,0.0,0.0,0.0,0.0,0.0
0.05,0.026296749432984445,6.626780857112777,0.2817314082019094,7.081628104865065,0.005757,0.0,0.0,0.0,0.0,0.0,0.0,0.0,0.005907,0.0,0.0,0.0,0.0,0.0,0.0,0.0,0.0,0.015518,0.564682,0.0,0.0,0.0,0.0,0.001294,-0.0,0.0,0.0,0.0,0.0,0.0,0.0,0.0,0.380477,0.0,0.014847,0.0,0.0,0.0,0.0,0.006571,0.0,0.0,0.004947,0.0,0.0,0.0,0.0,0.0,0.0,0.0,0.0,0.0
0.05,0.027307111974726607,6.881392217640091,0.2926209492259207,7.3537154132288025,0.005979,0.0,0.0,0.0,0.0,0.0,0.0,0.0,0.006137,0.0,0.0,0.0,0.0,0.0,0.0,0.0,0.0,0.016122,0.58649,0.0,0.0,0.0,0.0,0.001327,-0.0,0.0,0.0,0.0,0.0,0.0,0.0,0.0,0.356564,0.0,0.015408,0.0,0.0,0.0,0.0,0.006833,0.0,0.0,0.00514,0.0,0.0,0.0,0.0,0.0,0.0,0.0,0.0,0.0
0.05,0.02831747451646877,7.1360035781570135,0.30351049105781713,7.625802721581436,0.006201,0.0,0.0,0.0,0.0,0.0,0.0,0.0,0.006367,0.0,0.0,0.0,0.0,0.0,0.0,0.0,0.0,0.016727,0.608298,0.0,0.0,0.0,0.0,0.00136,-0.0,0.0,0.0,0.0,0.0,0.0,0.0,0.0,0.332652,0.0,0.015969,0.0,0.0,0.0,0.0,0.007095,0.0,0.0,0.005332,0.0,0.0,0.0,0.0,0.0,0.0,0.0,0.0,0.0
0.05,0.029327837058210928,7.390614938673088,0.3144050353544403,7.897890029933162,0.006753,0.0,0.0,0.0,0.0,0.0,0.0,0.0,0.007538,0.0,0.0,0.0,0.0,0.0,0.0,0.0,0.0,0.017061,0.630106,0.0,0.0,0.0,0.0,0.001244,-0.0,0.0,0.0,0.0,0.0,0.0,0.0,0.0,0.309973,0.0,0.015343,0.0,0.0,0.0,0.0,0.006797,0.0,0.0,0.005186,0.0,0.0,0.0,0.0,0.0,0.0,0.0,0.0,0.0
0.05,0.03033819959995309,7.6452262991979625,0.325303592373817,8.169977338294293,0.007688,0.0,0.0,0.0,0.0,0.0,0.0,0.0,0.009221,0.0,0.0,0.0,0.0,0.0,0.0,0.0,0.0,0.017813,0.651913,0.0,0.0,0.0,0.0,0.000795,-0.0,0.0,0.0,0.0,0.0,0.0,0.0,0.0,0.288109,0.0,0.013322,0.0,0.0,0.0,0.0,0.005947,0.0,0.0,0.005192,0.0,0.0,0.0,0.0,0.0,0.0,0.0,0.0,0.0
0.05,0.031348562141695256,7.899837659708584,0.3362026130349299,8.442064646640192,0.008752,0.0,0.0,0.0,0.0,0.0,0.0,0.0,0.010793,0.0,0.0,0.0,0.0,0.0,0.0,0.0,0.0,0.019062,0.673719,0.0,0.0,0.0,0.0,0.000157,-0.0,0.0,0.0,0.0,0.0,0.0,0.0,0.0,0.266214,0.0,0.010827,0.0,0.0,0.0,0.0,0.004961,0.0,0.0,0.005516,0.0,0.0,0.0,0.0,0.0,0.0,0.0,0.0,0.0
0.05,0.032358924683437415,8.154449020229507,0.3471025067387143,8.7141519549971,0.009919,0.0,0.0,0.0,0.0,0.0,0.0,0.0,0.012482,0.0,0.0,0.0,0.0,0.0,0.0,0.0,0.0,0.020042,0.695524,0.0,0.0,0.0,0.0,0.0,-0.0,0.0,0.0,-0.0,0.0,0.0,0.0,0.0,0.244388,0.0,0.008495,0.0,0.0,0.0,0.0,0.003644,0.0,0.0,0.005506,0.0,0.0,0.0,0.0,0.0,0.0,0.0,0.0,0.0
0.05,0.033369287225179574,8.409060380757557,0.3580026840189302,8.986239263361625,0.01112,0.0,0.0,0.0,0.0,0.0,0.0,0.0,0.014209,0.0,0.0,0.0,0.0,0.0,0.0,0.0,0.0,0.020936,0.71733,0.0,0.0,0.0,0.0,0.0,-0.0,0.0,0.0,0.0,0.0,0.0,0.0,0.0,0.222583,0.0,0.006217,0.0,0.0,0.0,0.0,0.002218,0.0,0.0,0.005387,0.0,0.0,0.0,0.0,0.0,0.0,0.0,0.0,0.0
0.05,0.03437964976692174,8.663671741265262,0.3689067331318861,9.258326571704407,0.01191,0.0,0.0,0.0,0.0,0.0,0.0,0.0,0.016025,0.0,0.0,0.0,0.0,0.0,0.0,0.0,0.0,0.021279,0.739135,0.0,0.0,0.0,0.0,0.0,-0.0,0.0,0.0,0.0,0.0,0.0,0.0,0.0,0.200345,0.0,0.004398,0.0,0.0,0.0,0.0,0.001391,0.0,0.0,0.005517,0.0,0.0,0.0,0.0,0.0,0.0,0.0,0.0,0.0
0.05,0.0353900123086639,8.918283101784912,0.3798144709624836,9.530413880059955,0.012726,0.0,0.0,0.0,0.0,0.0,0.0,0.0,0.016773,0.0,0.0,0.0,0.0,0.0,0.0,0.0,0.0,0.021465,0.760932,0.0,0.0,0.0,0.0,0.0,-0.0,0.0,0.0,0.0,0.0,0.0,0.0,0.0,0.17717,0.0,0.004429,0.0,0.0,0.0,0.0,0.001043,0.0,0.0,0.005462,0.0,0.0,0.0,0.0,0.0,0.0,0.0,0.0,0.0
0.05,0.03640037485040606,9.172894462339437,0.39072411168048715,9.802501188452773,0.01423,0.0,0.0,0.0,0.0,0.0,0.0,0.0,0.016611,0.0,0.0,0.0,0.0,0.0,0.0,0.0,0.0,0.021483,0.782711,0.0,0.0,0.0,0.0,0.0,-0.0,0.0,0.0,0.0,0.0,0.0,0.0,0.0,0.153487,0.0,0.005855,0.0,0.0,0.0,0.0,0.000489,0.0,0.0,0.005134,0.0,0.0,0.0,0.0,0.0,0.0,0.0,0.0,0.0
0.05,0.03741073739214822,9.427505822847767,0.40163922994002754,10.074588496796222,0.015063,0.0,0.0,0.0,0.0,0.0,0.0,0.0,0.015849,0.0,0.0,0.0,0.0,0.0,0.0,0.0,0.0,0.021188,0.80451,0.0,0.0,0.0,0.0,0.002064,-0.0,0.0,0.0,0.0,0.0,0.0,0.0,0.0,0.128716,0.0,0.008468,0.0,0.0,0.0,0.0,0.0,0.0,0.0,0.004144,0.0,0.0,0.0,0.0,0.0,0.0,0.0,0.0,0.0
0.05,0.03842109993389038,9.682117183347557,0.41255767399945853,10.346675805130548,0.01525,0.0,0.0,0.0,0.0,0.0,0.0,0.0,0.016971,0.0,0.0,0.0,0.0,0.0,0.0,0.0,0.0,0.02107,0.826329,0.0,0.0,0.0,0.0,0.002676,-0.0,0.0,0.0,0.0,0.0,0.0,0.0,0.0,0.105953,0.0,0.008204,0.0,0.0,0.0,0.0,0.0,0.0,0.0,0.003546,0.0,0.0,0.0,0.0,0.0,0.0,0.0,0.0,0.0
0.05,0.03943146247563254,9.936728543861351,0.4234881910000188,10.618763113479837,0.015273,0.0,0.0,0.0,0.0,0.0,0.0,0.0,0.01879,0.0,0.0,0.0,0.0,0.0,0.0,0.0,0.0,0.021183,0.848151,0.0,0.0,0.0,0.0,0.002491,-0.0,0.0,0.0,0.0,0.0,0.0,0.0,0.0,0.083835,0.0,0.00711,0.0,0.0,0.0,0.0,0.0,0.0,0.0,0.003169,0.0,0.0,0.0,0.0,0.0,0.0,0.0,0.0,0.0
0.1,2.732334768826084e-05,0.03394316223432615,0.00017619284452522247,0.03627294410808789,1e-06,-0.0,-0.0,0.0,0.0,1e-06,0.0,0.0,1e-06,0.0,0.0,0.0,0.0,1e-06,0.0,0.0,0.0,0.0,0.0,0.0,0.0,0.0,0.0,0.0,0.0,0.0,0.0,0.0,0.0,0.0,0.0,0.0,0.999992,0.0,1e-06,0.0,0.0,0.0,0.0,0.0,0.0,0.0,0.0,-0.0,1e-06,0.0,0.0,0.0,1e-06,0.0,0.0,0.0
0.1,0.0010376858894304219,0.2614968441366224,0.006342949671582847,0.2794453959925039,0.000469,0.0,0.0,0.0,0.0,0.0,0.0,0.0,2.8e-05,0.0,0.0,0.0,0.0,0.0,0.0,0.0,0.0,0.000426,0.019491,0.0,0.0,0.0,0.0,0.000181,-0.0,0.0,0.0,0.0,0.0,0.0,0.0,0.0,0.978911,0.0,0.00021,0.0,0.0,0.0,-0.0,0.000284,0.0,0.0,0.0,0.0,0.0,-0.0,0.0,0.0,0.0,-0.0,0.0,0.0
0.1,0.0020480484311725827,0.5161082046613076,0.01342691241301659,0.5515327043534324,0.00101,0.0,0.0,0.0,0.0,0.0,0.0,0.0,6.7e-05,0.0,0.0,0.0,0.0,-0.0,0.0,0.0,0.0,0.000783,0.041301,0.0,0.0,0.0,0.0,0.000337,-0.0,0.0,0.0,0.0,0.0,0.0,0.0,0.0,0.955564,0.0,0.000344,0.0,0.0,0.0,-0.0,0.000594,0.0,0.0,0.0,0.0,0.0,-0.0,0.0,-0.0,0.0,-0.0,0.0,-0.0
0.1,0.0030584109729147437,0.770719565185796,0.02053057053340128,0.8236200127141506,0.001818,0.0,0.0,0.0,0.0,0.0,0.0,0.0,3.3e-05,0.0,0.0,0.0,0.0,0.0,0.0,0.0,0.0,0.001018,0.063102,0.0,0.0,0.0,0.0,0.000752,-0.0,0.0,0.0,0.0,0.0,0.0,0.0,0.0,0.931857,0.0,0.000768,0.0,0.0,0.0,-0.0,0.000653,0.0,0.0,0.0,0.0,0.0,-0.0,0.0,-0.0,0.0,-0.0,0.0,-0.0
0.1,0.004068773514656905,1.025330925694427,0.02766414990066421,1.095707321057923,0.002419,0.0,0.0,0.0,0.0,0.0,0.0,0.0,0.000137,0.0,0.0,0.0,0.0,0.0,0.0,0.0,0.0,0.001348,0.084909,0.0,0.0,0.0,0.0,0.001012,-0.0,0.0,0.0,0.0,0.0,0.0,0.0,0.0,0.908375,0.0,0.001022,0.0,0.0,0.0,-0.0,0.000779,0.0,0.0,0.0,0.0,0.0,0.0,0.0,-0.0,0.0,0.0,0.0,0.0
0.1,0.005079136056399066,1.2799422862227512,0.03479782206325972,1.3677946294227403,0.003029,0.0,0.0,0.0,0.0,0.0,0.0,0.0,0.000197,0.0,0.0,0.0,0.0,0.0,0.0,0.0,0.0,0.001676,0.106716,0.0,0.0,0.0,0.0,0.001267,-0.0,0.0,0.0,0.0,0.0,0.0,0.0,0.0,0.884943,0.0,0.001264,0.0,0.0,0.0,-0.0,0.000908,0.0,0.0,0.0,0.0,0.0,0.0,0.0,-0.0,0.0,0.0,0.0,0.0
0.1,0.006089498598141227,1.534553646735224,0.04193158957249875,1.6398819377706182,0.003637,0.0,0.0,0.0,0.0,0.0,0.0,0.0,0.000264,0.0,0.0,0.0,0.0,0.0,0.0,0.0,0.0,0.001963,0.128524,0.0,0.0,0.0,0.0,0.001476,-0.0,0.0,0.0,0.0,0.0,0.0,0.0,0.0,0.861551,0.0,0.001564,0.0,0.0,0.0,-0.0,0.001021,0.0,0.0,0.0,0.0,0.0,0.0,0.0,-0.0,0.0,0.0,0.0,0.0
0.1,0.007099861139883389,1.789165007251129,0.04906596786086581,1.9119692461221638,0.004403,0.0,0.0,0.0,0.0,0.0,0.0,0.0,0.000367,0.0,0.0,0.0,0.0,0.0,0.0,0.0,0.0,0.002113,0.150331,0.0,0.0,0.0,0.0,0.001069,-0.0,0.0,0.0,0.0,0.0,0.0,0.0,0.0,0.83877,0.0,0.001983,0.0,0.0,0.0,-0.0,0.000966,0.0,0.0,0.0,0.0,0.0,0.0,0.0,0.0,0.0,0.0,0.0,0.0
0.1,0.00811022368162555,2.0437763677706298,0.05620055842437603,2.184056554477552,0.005168,0.0,1.9e-05,0.0,0.0,0.0,0.0,0.0,0.000341,0.0,0.0,0.0,0.0,0.0,0.0,0.0,0.0,0.00232,0.17214,0.0,0.0,0.0,0.0,0.000729,-0.0,0.0,0.0,0.0,0.0,0.0,0.0,0.0,0.815986,0.0,0.002295,0.0,0.0,0.0,-0.0,0.001002,0.0,0.0,0.0,0.0,0.0,0.0,0.0,-0.0,0.0,0.0,0.0,0.0
0.1,0.00912058622336771,2.298387728291362,0.06333529500908999,2.456143862834256,0.005876,0.0,1.5e-05,0.0,0.0,0.0,0.0,0.0,0.000174,0.0,0.0,0.0,0.0,0.0,0.0,0.0,0.0,0.002704,0.19395,0.0,0.0,0.0,0.0,0.000592,-0.0,0.0,0.0,0.0,0.0,0.0,0.0,0.0,0.79292,0.0,0.002396,0.0,0.0,0.0,-0.0,0.001373,0.0,0.0,0.0,0.0,0.0,0.0,0.0,-0.0,0.0,0.0,0.0,0.0
0.1,0.01013094876510987,2.5529990888094938,0.07047003172877007,2.7282311711881815,0.006584,0.0,1.2e-05,0.0,0.0,0.0,0.0,0.0,7e-06,0.0,0.0,0.0,0.0,0.0,0.0,0.0,0.0,0.003088,0.21576,0.0,0.0,0.0,0.0,0.000454,-0.0,0.0,0.0,0.0,0.0,0.0,0.0,0.0,0.769854,0.0,0.002497,0.0,0.0,0.0,-0.0,0.001744,0.0,0.0,0.0,0.0,0.0,0.0,0.0,-0.0,0.0,0.0,0.0,0.0
0.1,0.011141311306852033,2.807610449337829,0.07760524164212561,3.0003184795530107,0.00723,0.0,5e-06,0.0,0.0,0.0,0.0,0.0,0.0,0.0,0.0,0.0,0.0,0.0,0.0,0.0,0.0,0.003378,0.23757,0.0,0.0,0.0,0.0,0.000446,-0.0,0.0,0.0,0.0,0.0,0.0,0.0,0.0,0.746696,0.0,0.0027,0.0,0.0,0.0,-0.0,0.001976,0.0,0.0,0.0,0.0,0.0,-0.0,0.0,0.0,0.0,0.0,0.0,0.0
0.1,0.012151673848594193,3.062221809848942,0.08474051744808583,3.2724057878994355,0.007877,0.0,2.9e-05,0.0,0.0,0.0,0.0,0.0,0.0,0.0,0.0,0.0,0.0,0.0,0.0,0.0,0.0,0.003719,0.259377,0.0,0.0,0.0,0.0,0.000512,-0.0,0.0,0.0,0.0,0.0,0.0,0.0,0.0,0.723344,0.0,0.002963,0.0,0.0,0.0,-0.0,0.002179,0.0,0.0,0.0,0.0,0.0,-0.0,0.0,-0.0,0.0,0.0,0.0,0.0
0.1,0.013162036390336354,3.316833170374843,0.09187581121891239,3.544493096261663,0.008517,0.0,7e-06,0.0,0.0,0.0,0.0,0.0,0.0,0.0,0.0,0.0,0.0,0.0,0.0,0.0,0.0,0.004055,0.281185,0.0,0.0,0.0,0.0,0.000574,-0.0,0.0,0.0,0.0,0.0,0.0,0.0,0.0,0.700053,0.0,0.003218,0.0,0.0,0.0,-0.0,0.002391,0.0,0.0,0.0,0.0,0.0,0.0,0.0,0.0,0.0,0.0,0.0,0.0
0.1,0.014172398932078516,3.5714445308879705,0.09901113306725974,3.8165804046102405,0.009153,0.0,0.0,0.0,0.0,0.0,0.0,0.0,1.6e-05,0.0,0.0,0.0,0.0,0.0,0.0,0.0,0.0,0.004372,0.302993,0.0,0.0,0.0,0.0,0.000635,-0.0,0.0,0.0,0.0,0.0,0.0,0.0,0.0,0.676766,0.0,0.003474,0.0,0.0,0.0,-0.0,0.00259,0.0,0.0,0.0,0.0,0.0,0.0,0.0,0.0,0.0,0.0,0.0,0.0
0.1,0.015182761473820677,3.826055891418428,0.10614645674432664,4.088667712977338,0.00979,0.0,0.0,0.0,0.0,0.0,0.0,0.0,3.4e-05,0.0,0.0,0.0,0.0,0.0,0.0,0.0,0.0,0.004686,0.324801,0.0,0.0,0.0,0.0,0.000696,-0.0,0.0,0.0,0.0,0.0,0.0,0.0,0.0,0.653474,0.0,0.003732,0.0,0.0,0.0,-0.0,0.002787,0.0,0.0,0.0,0.0,0.0,0.0,0.0,-0.0,0.0,0.0,0.0,0.0
0.1,0.016193124015562835,4.080667251927499,0.1132817860763798,4.36075502132158,0.010425,0.0,0.0,0.0,0.0,0.0,0.0,0.0,5.1e-05,0.0,0.0,0.0,0.0,0.0,0.0,0.0,0.0,0.005003,0.346609,0.0,0.0,0.0,0.0,0.000758,-0.0,0.0,0.0,0.0,0.0,0.0,0.0,0.0,0.63018,0.0,0.003988,0.0,0.0,0.0,-0.0,0.002987,0.0,0.0,0.0,0.0,0.0,0.0,0.0,-0.0,0.0,0.0,0.0,0.0
0.1,0.017203486557304998,4.335278612441446,0.12041712711205829,4.632842329671033,0.011057,0.0,0.0,0.0,0.0,0.0,0.0,0.0,6.2e-05,0.0,0.0,0.0,0.0,0.0,0.0,0.0,0.0,0.005326,0.368417,0.0,0.0,0.0,0.0,0.000818,-0.0,0.0,0.0,0.0,0.0,0.0,0.0,0.0,0.606881,0.0,0.004241,0.0,0.0,0.0,-0.0,0.003198,0.0,0.0,0.0,0.0,0.0,0.0,0.0,0.0,0.0,0.0,0.0,0.0
0.1,0.018213849099047157,4.589889972960286,0.12755246794953962,4.904929638025715,0.011688,0.0,0.0,0.0,0.0,0.0,0.0,0.0,7.4e-05,0.0,0.0,0.0,0.0,0.0,0.0,0.0,0.0,0.005649,0.390225,0.0,0.0,0.0,0.0,0.000878,-0.0,0.0,0.0,0.0,0.0,0.0,0.0,0.0,0.583582,0.0,0.004494,0.0,0.0,0.0,-0.0,0.003409,0.0,0.0,0.0,0.0,0.0,0.0,0.0,0.0,0.0,0.0,0.0,0.0
0.1,0.01922421164078932,4.844501333480038,0.13469314431987026,5.177016946381372,0.012401,0.0,0.00014,0.0,0.0,0.0,0.0,0.0,0.0,0.0,0.0,0.0,0.0,0.0,0.0,0.0,0.0,0.005858,0.412034,0.0,0.0,0.0,0.0,0.000936,-0.0,0.0,0.0,0.0,0.0,0.0,0.0,0.0,0.560494,0.0,0.004737,0.0,0.0,0.0,-0.0,0.003401,0.0,0.0,0.0,0.0,0.0,0.0,0.0,0.0,0.0,0.0,0.0,0.0
0.1,0.020234574182531478,5.099112694001227,0.1418365857492131,5.449104254738565,0.013055,0.0,0.000206,0.0,0.0,0.0,0.0,0.0,0.0,0.0,0.0,0.0,0.0,0.0,0.0,0.0,0.0,0.006358,0.433836,0.0,0.0,0.0,0.0,0.001027,-0.0,0.0,0.0,0.0,0.0,0.0,0.0,0.0,0.536744,0.0,0.005045,0.0,0.0,0.0,-0.0,0.00373,0.0,0.0,0.0,0.0,0.0,0.0,0.0,0.0,0.0,0.0,0.0,0.0
0.1,0.02124493672427364,5.353724054517504,0.14899459896895734,5.721191563090508,0.014682,0.0,0.0,0.0,0.0,0.0,0.0,0.0,0.0,0.0,0.0,0.0,0.0,0.0,0.0,0.0,0.0,0.005445,0.455652,0.0,0.0,0.0,0.0,0.001159,-0.0,0.0,0.0,0.0,0.0,0.0,0.0,0.0,0.515977,0.0,0.005614,0.0,0.0,0.0,-0.0,0.001472,0.0,0.0,0.0,0.0,0.0,0.0,0.0,0.0,0.0,0.0,0.0,0.0
0.1,0.022255299266015802,5.60833541503679,0.15617852260142154,5.993278871445667,0.015046,0.0,0.0,0.0,0.0,0.0,0.0,0.0,0.0,0.0,0.0,0.0,0.0,0.0,0.0,0.0,0.0,0.005839,0.477477,0.0,0.0,0.0,0.0,0.000629,-0.0,0.0,0.0,0.0,0.0,0.0,0.0,0.0,0.49363,0.0,0.005298,0.0,0.0,0.0,-0.0,0.00208,0.0,0.0,0.0,0.0,0.0,0.0,0.0,0.0,0.0,0.0,0.0,0.0
0.1,0.02326566180775796,5.862946775572512,0.16337536838025868,6.265366179818389,0.016599,0.0,0.0,0.0,0.0,0.0,0.0,-0.0,0.0,0.0,0.0,0.0,0.0,0.0,0.0,0.0,0.0,0.006321,0.49926,0.0,0.0,0.0,0.0,0.001426,-0.0,0.0,0.0,0.0,0.0,0.0,0.0,0.0,0.469692,0.0,0.005483,0.0,0.0,0.0,-0.0,0.001218,0.0,0.0,0.0,0.0,0.0,0.0,0.0,-0.0,0.0,-0.0,0.0,0.0
0.1,0.024276024349500124,6.117558136085589,0.1705777032655774,6.537453488166912,0.017338,0.0,0.0,0.0,0.0,0.0,0.0,-0.0,0.0,0.0,0.0,0.0,0.0,0.0,0.0,0.0,0.0,0.006611,0.521067,0.0,0.0,0.0,0.0,0.001508,-0.0,0.0,0.0,0.0,0.0,0.0,0.0,0.0,0.446509,0.0,0.005711,0.0,0.0,0.0,-0.0,0.001255,0.0,0.0,0.0,0.0,0.0,0.0,0.0,-0.0,0.0,-0.0,0.0,0.0
0.1,0.025286386891242286,6.372169496610878,0.1777800377038775,6.809540796528487,0.018076,0.0,0.0,0.0,0.0,0.0,0.0,-0.0,0.0,0.0,0.0,0.0,0.0,0.0,0.0,0.0,0.0,0.006901,0.542874,0.0,0.0,0.0,0.0,0.00159,-0.0,0.0,0.0,0.0,0.0,0.0,0.0,0.0,0.423326,0.0,0.00594,0.0,0.0,0.0,-0.0,0.001292,0.0,0.0,0.0,0.0,0.0,0.0,0.0,-0.0,0.0,-0.0,0.0,0.0
0.1,0.026296749432984445,6.626780857119759,0.18498237272850798,7.081628104872526,0.018814,0.0,0.0,0.0,0.0,0.0,0.0,-0.0,0.0,0.0,0.0,0.0,0.0,0.0,0.0,0.0,0.0,0.007191,0.564682,0.0,0.0,0.0,0.0,0.001672,-0.0,0.0,0.0,0.0,0.0,0.0,0.0,0.0,0.400143,0.0,0.006169,0.0,0.0,0.0,-0.0,0.001329,0.0,0.0,0.0,0.0,0.0,0.0,0.0,-0.0,0.0,-0.0,0.0,0.0
0.1,0.027307111974726607,6.881392217639025,0.19218470738148727,7.353715413227663,0.019552,0.0,0.0,0.0,0.0,0.0,0.0,-0.0,0.0,0.0,0.0,0.0,0.0,0.0,0.0,0.0,0.0,0.00748,0.586489,0.0,0.0,0.0,0.0,0.001755,-0.0,0.0,0.0,0.0,0.0,0.0,0.0,0.0,0.37696,0.0,0.006397,0.0,0.0,0.0,-0.0,0.001366,0.0,0.0,0.0,0.0,0.0,0.0,0.0,-0.0,0.0,-0.0,0.0,0.0
0.1,0.02831747451646877,7.136003578182437,0.19938704120745007,7.625802721608603,0.020291,0.0,0.0,0.0,0.0,0.0,0.0,-0.0,0.0,0.0,0.0,0.0,0.0,0.0,0.0,0.0,0.0,0.00777,0.608296,0.0,0.0,0.0,0.0,0.001837,-0.0,0.0,0.0,0.0,0.0,0.0,0.0,0.0,0.353777,0.0,0.006626,0.0,0.0,0.0,-0.0,0.001403,0.0,0.0,0.0,0.0,0.0,0.0,0.0,-0.0,0.0,-0.0,0.0,0.0
0.1,0.029327837058210928,7.390614938700616,0.20658937590655335,7.89789002996258,0.021029,0.0,0.0,0.0,0.0,0.0,0.0,-0.0,0.0,0.0,0.0,0.0,0.0,0.0,0.0,0.0,0.0,0.00806,0.630104,0.0,0.0,0.0,0.0,0.001919,-0.0,0.0,0.0,0.0,0.0,0.0,0.0,0.0,0.330594,0.0,0.006854,0.0,0.0,0.0,-0.0,0.00144,0.0,0.0,0.0,0.0,0.0,0.0,0.0,-0.0,0.0,-0.0,0.0,0.0
0.1,0.03033819959995309,7.6452262991972795,0.21379171133054706,8.169977338293563,0.021767,0.0,0.0,0.0,0.0,0.0,0.0,-0.0,0.0,0.0,0.0,0.0,0.0,0.0,0.0,0.0,0.0,0.00835,0.651911,0.0,0.0,0.0,0.0,0.002001,-0.0,0.0,0.0,0.0,0.0,0.0,0.0,0.0,0.307411,0.0,0.007083,0.0,0.0,0.0,-0.0,0.001477,0.0,0.0,0.0,0.0,0.0,0.0,0.0,-0.0,0.0,-0.0,0.0,0.0
0.1,0.031348562141695256,7.899837659712015,0.2209940461374304,8.442064646643859,0.022505,0.0,0.0,0.0,0.0,0.0,0.0,-0.0,0.0,0.0,0.0,0.0,0.0,0.0,0.0,0.0,0.0,0.00864,0.673719,0.0,0.0,0.0,0.0,0.002083,-0.0,0.0,0.0,0.0,0.0,0.0,0.0,0.0,0.284227,0.0,0.007311,0.0,0.0,0.0,-0.0,0.001514,0.0,0.0,0.0,0.0,0.0,0.0,0.0,-0.0,0.0,-0.0,0.0,0.0
0.1,0.032358924683437415,8.154449020228343,0.22819638088435745,8.714151954995856,0.023243,0.0,0.0,0.0,0.0,0.0,0.0,-0.0,0.0,0.0,0.0,0.0,0.0,0.0,0.0,0.0,0.0,0.00893,0.695526,0.0,0.0,0.0,0.0,0.002165,-0.0,0.0,0.0,0.0,0.0,0.0,0.0,0.0,0.261044,0.0,0.00754,0.0,0.0,0.0,-0.0,0.001551,0.0,0.0,0.0,0.0,0.0,0.0,0.0,-0.0,0.0,-0.0,0.0,0.0
0.1,0.033369287225179574,8.40906038075244,0.23539871537588847,8.986239263356156,0.023981,0.0,0.0,0.0,0.0,0.0,0.0,-0.0,0.0,0.0,0.0,0.0,0.0,0.0,0.0,0.0,0.0,0.00922,0.717333,0.0,0.0,0.0,0.0,0.002248,-0.0,0.0,0.0,0.0,0.0,0.0,0.0,0.0,0.237861,0.0,0.007769,0.0,0.0,0.0,-0.0,0.001588,0.0,0.0,0.0,0.0,0.0,0.0,0.0,-0.0,0.0,-0.0,0.0,0.0
0.1,0.03437964976692174,8.663671741268528,0.24260105013946978,9.258326571707897,0.02472,0.0,0.0,0.0,0.0,0.0,0.0,-0.0,0.0,0.0,0.0,0.0,0.0,0.0,0.0,0.0,0.0,0.009509,0.739141,0.0,0.0,0.0,0.0,0.00233,-0.0,0.0,0.0,0.0,0.0,0.0,0.0,0.0,0.214678,0.0,0.007997,0.0,0.0,0.0,-0.0,0.001625,0.0,0.0,0.0,0.0,0.0,0.0,0.0,-0.0,0.0,-0.0,0.0,0.0
0.1,0.0353900123086639,8.918283101786741,0.24980338482609016,9.53041388006191,0.025458,0.0,0.0,0.0,0.0,0.0,0.0,-0.0,0.0,0.0,0.0,0.0,0.0,0.0,0.0,0.0,0.0,0.009799,0.760948,0.0,0.0,0.0,0.0,0.002412,-0.0,0.0,0.0,0.0,0.0,0.0,0.0,0.0,0.191495,0.0,0.008226,0.0,0.0,0.0,-0.0,0.001662,0.0,0.0,0.0,0.0,0.0,0.0,0.0,-0.0,0.0,-0.0,0.0,0.0
0.1,0.03640037485040606,9.172894462304797,0.2570057195146241,9.802501188415754,0.026196,0.0,0.0,0.0,0.0,0.0,0.0,-0.0,0.0,0.0,0.0,0.0,0.0,0.0,0.0,0.0,0.0,0.010089,0.782755,0.0,0.0,0.0,0.0,0.002494,-0.0,0.0,0.0,0.0,0.0,0.0,0.0,0.0,0.168312,0.0,0.008454,0.0,0.0,0.0,-0.0,0.001699,0.0,0.0,0.0,0.0,0.0,0.0,0.0,-0.0,0.0,-0.0,0.0,0.0
0.1,0.03741073739214822,9.427505822825037,0.2642080541357949,10.074588496771932,0.026934,0.0,0.0,0.0,0.0,0.0,0.0,-0.0,0.0,0.0,0.0,0.0,0.0,0.0,0.0,0.0,0.0,0.010379,0.804563,0.0,0.0,0.0,0.0,0.002576,-0.0,0.0,0.0,0.0,0.0,0.0,0.0,0.0,0.145129,0.0,0.008683,0.0,0.0,0.0,-0.0,0.001736,0.0,0.0,0.0,0.0,0.0,0.0,0.0,-0.0,0.0,-0.0,0.0,0.0
0.1,0.03842109993389038,9.682117183345081,0.2714103887637965,10.346675805127902,0.027673,0.0,0.0,0.0,0.0,0.0,0.0,-0.0,0.0,0.0,0.0,0.0,0.0,0.0,0.0,0.0,0.0,0.010669,0.82637,0.0,0.0,0.0,0.0,0.002658,-0.0,0.0,0.0,0.0,0.0,0.0,0.0,0.0,0.121946,0.0,0.008911,0.0,0.0,0.0,-0.0,0.001773,0.0,0.0,0.0,0.0,0.0,0.0,0.0,-0.0,0.0,-0.0,0.0,0.0
0.1,0.03943146247563254,9.936728543864403,0.27861272341469184,10.618763113483098,0.028411,0.0,0.0,0.0,0.0,0.0,0.0,-0.0,0.0,0.0,0.0,0.0,0.0,0.0,0.0,0.0,0.0,0.010959,0.848177,0.0,0.0,0.0,0.0,0.002741,-0.0,0.0,0.0,0.0,0.0,0.0,0.0,0.0,0.098762,0.0,0.00914,0.0,0.0,0.0,-0.0,0.00181,0.0,0.0,0.0,0.0,0.0,0.0,0.0,-0.0,0.0,-0.0,0.0,0.0
